track_id,frame_id,timestamp_ms,object_type,x,y,vx,vy,speed
1,1,97093871,person,402.0716857910156,263.77001953125,0.0,0.0,0.0
2,4,97115471,person,314.0349950790405,270.5546455383301,0.0,0.0,0.0
2,5,97115604,person,311.05596446990967,270.601770401001,-22.39872638444255,0.35432227572104086,22.401528696055433
2,6,97115737,person,312.6518669128418,270.37008476257324,11.999266488211495,-1.7419972814115365,12.12505467136378
2,7,97115971,person,325.5658292770386,271.40435218811035,55.18787335126827,4.419946262979099,55.364585160581214
2,8,97116204,person,343.19684410095215,274.9454574584961,75.66959151894237,15.197876696934514,77.18071350239528
2,9,97116337,person,341.17507553100586,275.56899642944336,-15.20126744320518,4.688262939453125,15.90780755696081
2,10,97116471,person,363.8728332519531,279.7814178466797,169.38625164886017,31.43598072564424,172.2786206464228
2,11,97116604,person,373.98304748535156,283.0087547302246,76.01664837141682,24.265690853721217,79.7957052868887
2,12,97116837,person,399.80711364746094,292.3424072265625,110.83290198330204,40.05859440488365,117.85000274813409
2,13,97117071,person,367.4742736816406,309.90721893310547,-138.17452976846286,75.06329789120926,157.24725551512893
2,14,97117204,person,378.72840881347656,324.8680419921875,84.61755738222509,112.4873914216694,140.7605919502544
2,15,97117437,person,416.4562225341797,332.12552642822266,161.92194729915502,31.14800187139552,164.890615371921
2,16,97117671,person,421.84476470947266,325.9725875854492,23.027958014072514,-26.294610439202724,34.95273077239196
2,17,97117804,person,418.9191589355469,313.43670654296875,-21.997035894178804,-94.25474468030427,96.78753268308442
2,18,97117937,person,414.6507797241211,303.3507537841797,-32.09307677763745,-75.8342312690907,82.34559010189474
2,19,97118071,person,412.029541015625,290.5217170715332,-19.56148289922458,-95.73907994512301,97.7170560442511
2,20,97118404,person,405.6866989135742,268.9119625091553,-19.047573880032374,-64.89415784497876,67.63181051195
2,21,97118537,person,397.6659698486328,261.60258865356445,-60.30623357098801,-54.95769816233699,81.59160737981021
2,22,97118771,person,395.48519134521484,261.0554904937744,-9.319566253922943,-2.3380263238890557,9.608365222682654
2,23,97118904,person,396.13751220703125,262.0632839202881,4.904668133957942,7.577394184313322,9.0262213649305
2,24,97119137,person,397.3560104370117,262.5800590515137,5.229606137255231,2.2179190181355617,5.680488105948729
2,25,97119271,person,399.1002197265625,263.39946937561035,13.01648723545359,6.115002418631938,14.381314075236682
2,26,97119504,person,406.7177200317383,267.04660415649414,32.6931343569776,15.652938973750167,36.247145164817276
2,27,97119637,person,405.33150482177734,269.61876106262207,-10.422670751585995,19.33952560998443,21.969281199329437
2,28,97119871,person,366.7572326660156,271.6702060699463,-164.8473169049646,8.766859005659054,165.08027049769132
2,29,97120004,person,355.1626510620117,273.2407112121582,-87.17730529326245,11.808309339939203,87.97339784083812
2,30,97120137,person,357.761173248291,273.1887435913086,19.537760799092457,-0.3907339913504464,19.54166753617896
2,31,97120371,person,358.2388725280762,272.77143478393555,2.0414499136117787,-1.7833709716796875,2.7107065079818753
2,32,97120604,person,367.7034492492676,272.3094062805176,40.620500949319336,-1.9829549502917112,40.66887271253704
2,33,97120737,person,391.84288787841797,271.7040786743164,181.49953856504052,-4.551335384971217,181.5565949039283
2,34,97120871,person,410.22364807128906,272.34099197387695,137.16985218560518,4.753084325078707,137.2521772476564
2,35,97121104,person,402.8775405883789,271.67360496520996,-31.52835829575174,-2.8643219256094086,31.658201416360093
2,36,97121337,person,398.1796417236328,272.439640045166,-20.162656071871645,3.287704205819977,20.428942674978284
2,37,97121471,person,397.1445770263672,273.91628646850586,-7.724363412430037,11.01974942790928,13.457364808207984
2,38,97121604,person,397.39209747314453,275.1197853088379,1.8610559908070958,9.048863461143092,9.238260623046394
2,39,97121737,person,397.71593475341797,275.7698745727539,2.434866768973214,4.887889202376057,5.460772567810758
2,40,97121971,person,396.2563018798828,274.93379974365234,-6.237747322799812,-3.5729693551348825,7.188574384106295
2,41,97122204,person,398.07459259033203,274.74178314208984,7.803822791627548,-0.8241055861051502,7.847216078341114
2,42,97122337,person,399.9750747680664,273.6582717895508,14.289339682213345,-8.146701898789944,16.44852517344411
2,43,97122471,person,403.8150177001953,274.46961212158203,28.656290538275417,6.054778597248134,29.288962618634127
2,44,97122704,person,404.73587799072266,274.24500274658203,3.9521900881001875,-0.9639887339055794,4.068056141644833
2,45,97122837,person,404.9076232910156,274.08238983154297,1.2913180473155546,-1.2226534965343046,1.778309273414053
2,46,97123071,person,404.1134490966797,274.1019096374512,-3.393906813401442,0.08341797396668002,3.394931813222975
2,47,97123204,person,399.89088439941406,273.3883934020996,-31.74860674635808,-5.364783724447838,32.19867908385365
2,48,97123437,person,401.0746078491211,273.35482025146484,5.080358153249061,-0.14409077525650482,5.0824011172671355
2,49,97123571,person,402.99373626708984,273.1467971801758,14.321853865438433,-1.552410979769123,14.405744617793331
2,50,97123704,person,406.38206481933594,273.0239677429199,25.476154528166116,-0.923529603427514,25.49288835089908
2,51,97123937,person,406.99291229248047,273.607421875,2.6216629748692326,2.504094987468146,3.625411488378014
2,52,97124171,person,407.41971588134766,273.8489189147949,1.8239469609708867,1.03203863160223,2.0956827654858303
2,53,97124204,person,407.21739196777344,274.03042221069336,-6.131027684067234,5.500099875710227,8.236540481633444
2,54,97124337,person,407.24407958984375,274.39299392700195,0.2006588125587406,2.7261031301398027,2.73347804732643
2,55,97124571,person,404.7501907348633,274.8694610595703,-10.657644679403711,2.036184327215211,10.85041182291341
2,56,97124604,person,399.93965911865234,274.3753242492676,-145.77368533972538,-14.973842736446496,146.5407223396319
2,57,97124837,person,399.5155258178711,276.2024612426758,-1.8203145956276823,7.841789671279841,8.050292570810479
2,58,97124971,person,400.8877716064453,276.2841567993164,10.240640213240438,0.6096683331389925,10.258772219591856
2,59,97125204,person,403.73760986328125,275.7383041381836,12.231065479982563,-2.3427152838318133,12.45340426055142
2,60,97125437,person,403.65245056152344,275.4112777709961,-0.3654905654841738,-1.4035466402896994,1.4503539309170173
2,61,97125571,person,398.7624206542969,276.17223358154297,-36.49276050169076,5.6787747055736935,36.931965168271574
2,62,97125704,person,399.9252395629883,276.4525260925293,8.74299931346922,2.1074624886190083,8.993410650929906
2,63,97126037,person,393.52735900878906,279.8765411376953,-19.21285451711477,10.282327462961007,21.79128350399259
2,64,97126171,person,397.6549530029297,281.2053909301758,30.802940254780783,9.9167894961229,32.359911035879065
2,65,97126304,person,400.39331817626953,278.91364669799805,20.589211829622883,-17.231159640434093,26.848249595070584
2,66,97126637,person,400.3955612182617,275.3241996765137,0.006735861838400901,-10.779120184637762,10.77912228925435
2,67,97126771,person,408.2183609008789,275.5044364929199,58.37910210908348,1.3450508687033582,58.39459499732998
2,68,97127004,person,415.6635971069336,275.6881523132324,31.953803459462176,0.7884799155042918,31.963530094516948
2,69,97127237,person,417.0817184448242,275.90633392333984,6.086357673350322,0.9364017601176904,6.157970281212946
2,70,97127371,person,416.70626068115234,276.2061767578125,-2.8019236094916042,2.2376330930795243,3.585774361650646
2,71,97127604,person,417.97084045410156,276.2096405029297,5.427380999782055,0.014865858872049355,5.42740135889684
2,72,97127837,person,413.2009048461914,279.4192352294922,-20.47182664339123,13.775084663358369,24.674858532517547
2,73,97127971,person,403.8906555175781,282.21035385131836,-69.47947260159165,20.82924344646397,72.53450555113331
2,74,97128204,person,397.83138275146484,286.8767395019531,-26.005462515507645,20.02740622590028,32.823483678346854
2,75,97128437,person,383.7128601074219,289.55477142333984,-60.59451778559214,11.493699233419393,61.674960135672144
2,76,97128571,person,390.35111236572266,290.12910079956055,49.539195957468515,4.286040121050023,49.72426043725251
2,77,97128904,person,382.739501953125,287.9534225463867,-22.857688926719685,-6.533568327849333,23.773124703441063
2,78,97129037,person,397.9682846069336,288.1543769836426,114.50212521660596,1.510935618465108,114.512093708754
2,79,97129271,person,388.6951675415039,288.2662696838379,-39.628705407819176,0.4781739324586004,39.63159021045459
2,80,97129504,person,396.9906997680664,288.5124702453613,35.60314260327253,1.056654770486856,35.61881921867922
2,81,97129637,person,397.47747802734375,288.74498748779297,3.6599869118597272,1.7482499430950422,4.056091968695523
2,82,97129871,person,397.8389358520508,288.9748954772949,1.5446915585770566,0.9825127756493722,1.8306838518579471
2,83,97130004,person,397.2177429199219,288.0872497558594,-4.6706235498414,-6.674027980718397,8.146003549701238
2,84,97130237,person,398.9230194091797,288.1842269897461,7.318783215698765,0.41621130423484437,7.330608406412583
2,85,97130371,person,399.53160095214844,287.67859649658203,4.54165330573694,-3.773361889284048,5.904648566766066
2,86,97130604,person,404.0178756713867,286.4045867919922,19.25439793664498,-5.467852809398471,20.015725174170566
2,87,97130837,person,402.9207229614258,283.17456436157227,-4.70880991399544,-13.862757212102668,14.640660105604743
2,88,97130971,person,401.06787872314453,280.8074073791504,-13.827195808069028,-17.665350615088617,22.433367029242255
2,89,97131104,person,395.89856719970703,281.8097343444824,-38.867003935620296,7.536292972421287,39.59090434301407
2,90,97131237,person,396.786376953125,281.9511528015137,6.6752613038945015,1.0632966694078947,6.759416637731783
2,91,97131471,person,398.15518951416016,282.4382858276367,5.849626329210069,2.08176506890191,6.209015541411363
2,92,97131604,person,398.0251998901367,281.1041831970215,-0.9773655941611842,-10.030846846731086,10.078349664862051
2,93,97131837,person,402.52845001220703,279.12836837768555,19.32725374279104,-8.479891928480418,21.105717338127544
2,94,97131971,person,407.77374267578125,276.83775329589844,39.143975101300136,-17.094142401396336,42.713703786611866
2,95,97132104,person,418.02147674560547,273.65415954589844,77.0506321039415,-23.936795112781954,80.68314612041503
2,96,97132337,person,426.2422637939453,269.1620330810547,35.28234784695212,-19.279512724651287,40.20626419469133
2,97,97132471,person,427.7860641479492,267.58131408691406,11.520898164208255,-11.796410404034514,16.48897792255393
2,98,97132604,person,427.92464447021484,266.0220203399658,1.041957310267857,-11.724013134949189,11.770223405903634
2,99,97132737,person,426.2955322265625,265.95065116882324,-12.248964237987547,-0.5366103093426926,12.260712684325929
2,100,97132971,person,422.39933013916016,269.34066009521484,-16.650436270950188,14.487217634152143,22.070715955588355
2,101,97133104,person,418.3553771972656,272.87924575805664,-30.405661217252113,26.605907239412005,40.40270453930659
2,102,97133437,person,406.1306838989258,279.9392395019531,-36.710790685705234,21.201182414103556,42.39306887364674
2,103,97133571,person,402.13121795654297,282.3561706542969,-29.84676076405084,18.036799644356343,34.87341780664949
2,104,97133804,person,394.5340805053711,285.05013275146484,-32.60574013378487,11.562069086557806,34.59502466011905
2,105,97133937,person,387.86810302734375,285.8206558227539,-50.12013141373942,5.7934065510455826,50.45385151201251
2,106,97134171,person,388.6908950805664,285.4258804321289,3.516205355652377,-1.6870743189102564,3.89998972571018
2,107,97134304,person,388.25927734375,282.6595344543457,-3.2452461414767386,-20.79959381791882,21.051240474356288
2,108,97134537,person,389.7475891113281,283.0844383239746,6.387604152695815,1.8236217580639753,6.642821925057239
2,109,97134771,person,390.98468017578125,282.5038528442383,5.28671395065438,-2.481134528787727,5.839980560411681
2,110,97134904,person,391.77169036865234,282.09741973876953,5.917369871211231,-3.055888011043233,6.659858686845855
2,111,97135037,person,391.5136032104492,282.1231918334961,-1.9405049488956765,0.1937751483200188,1.950155959095338
2,112,97135371,person,391.6190948486328,279.2989692687988,0.31584322809459203,-8.45575618172834,8.461652885197445
2,113,97135504,person,391.42481231689453,276.4596138000488,-1.460770915325423,-21.348537359022554,21.39845552923487
2,114,97135737,person,391.1156463623047,276.18144607543945,-1.3268925089692865,-1.193852895319206,1.7849169353280445
2,115,97135871,person,392.2192611694336,277.82794189453125,8.235931396484375,12.287282232028334,14.792155712306313
2,116,97136104,person,393.0141067504883,279.2781639099121,3.411354425127414,6.224128821377079,7.097684030649238
2,117,97136237,person,394.3930206298828,280.74474716186523,10.36777352928219,11.026941744008457,15.135526822025085
2,118,97136371,person,394.66963958740234,283.0277328491211,2.064320578503964,17.037206621312382,17.16181310083889
2,119,97136504,person,393.63812255859375,285.2039604187012,-7.755767133899201,16.362613305113367,18.107651366423642
2,120,97136637,person,393.21971893310547,287.2706527709961,-3.1458919209645204,15.539040242818961,15.85428672776978
2,121,97136871,person,394.50636291503906,288.08052825927734,5.498478555271768,3.461006360176282,6.497063294132525
2,122,97137004,person,393.82767486572266,288.68085861206055,-5.1029176640331295,4.513762051001527,6.812768639764809
2,123,97137237,person,394.95018005371094,286.583553314209,4.817618832567731,-9.001310291208423,10.209458270374874
2,124,97137371,person,393.4192886352539,285.29408264160156,-11.424562824306202,-9.622915467219565,14.937239966465453
2,125,97137504,person,393.88639068603516,281.60082244873047,3.5120454945958643,-27.768873630609725,27.99008407041471
2,126,97137737,person,392.6198043823242,278.8670349121094,-5.435992719789431,-11.732993719403835,12.931092702056294
2,127,97137971,person,393.85377502441406,275.6781921386719,5.273378812349759,-13.627533219818375,14.612261486703305
2,128,97138204,person,394.74674224853516,273.92654037475586,3.8324773567428916,-7.517818729253285,8.43833402608942
2,129,97138237,person,395.81199645996094,273.5754203796387,32.280430649266094,-10.639999852035984,33.98875990314156
2,130,97138471,person,397.74878692626953,272.9053192138672,8.27688233465211,-2.863680195604634,8.758278680447109
2,131,97138604,person,398.72876739501953,273.18738174438477,7.368274201127819,2.1207709061472038,7.667407250131313
2,132,97138737,person,396.11566162109375,273.72285079956055,-19.64741183402843,4.026083121622415,20.055675931719012
2,133,97138971,person,396.6869201660156,274.1294708251953,2.4412758329994655,1.737692417242588,2.996565138576104
2,134,97139204,person,396.50437927246094,274.1402282714844,-0.7834373113935086,0.04616929737795064,0.78479655000762
2,135,97139337,person,398.86283111572266,274.89233779907227,17.73272062602796,5.65495885404429,18.612574793447877
2,136,97139371,person,397.1273422241211,274.5986671447754,-51.043790929457714,-8.637372185202205,51.76941945507883
2,137,97139604,person,397.60044860839844,275.0166435241699,2.030499503336239,1.7938900403198765,2.7094223941289703
2,138,97139737,person,397.2761917114258,275.47561264038086,-2.438021781749295,3.4508956106085527,4.225237357072545
2,139,97139871,person,396.80062103271484,276.50405502319336,-3.5490349157532646,7.674943155317163,8.455790990237729
2,140,97140104,person,395.63997650146484,277.43264389038086,-4.981307001072961,3.9853599450107295,6.379381892490402
2,141,97140237,person,394.94822692871094,277.7276306152344,-5.201124607172227,2.217945299650493,5.654288507988796
2,142,97140371,person,396.25370025634766,277.46448135375977,9.742338265945662,-1.9638004587657414,9.938292968611746
2,143,97140604,person,395.93448638916016,277.04595947265625,-1.3700165973712446,-1.7962312493713115,2.259068874180401
2,144,97140737,person,396.2864990234375,278.1839828491211,2.6467115359198776,8.556566740337171,8.956557169817856
2,145,97140871,person,396.7117919921875,276.4553756713867,3.173828125,-12.900053565181903,13.284749412450479
2,146,97141004,person,396.32994842529297,275.7456245422363,-2.8710042623648966,-5.336474655266095,6.059754716225302
2,147,97141237,person,394.96173095703125,275.3401641845703,-5.872177975372183,-1.7401732088670196,6.124596065970774
2,148,97141471,person,395.1500015258789,274.13210678100586,0.8045750805455395,-5.162638476771167,5.224957138778554
2,149,97141604,person,394.5463180541992,272.94368743896484,-4.538973471275845,-8.935483774744478,10.022232808195373
2,150,97141737,person,395.927734375,274.38092041015625,10.386588878201362,10.806262941288768,14.988547203816893
2,151,97141871,person,395.9803161621094,273.63415908813477,0.39240139633861937,-5.572845686727495,5.5866437065491965
2,152,97142004,person,396.7183074951172,273.9742546081543,5.548807015096334,2.557109173079182,6.109669926749561
2,153,97142237,person,397.3988571166992,277.6946716308594,2.920813826532323,15.967455033069005,16.2323988874825
2,154,97142371,person,396.6340103149414,276.9498519897461,-5.707811953416511,-5.5583555306961285,7.967084378942189
2,155,97142504,person,396.2937545776367,276.8776741027832,-2.5583138143209587,-0.5426908794202302,2.61524051726631
2,156,97142637,person,396.0524597167969,277.2009620666504,-1.8142470739837875,2.430736570429981,3.033145680689347
2,157,97142771,person,396.95348358154297,276.9424743652344,6.724058692135028,-1.9290126971344448,6.99528807705462
2,158,97143004,person,396.25489044189453,278.7702293395996,-2.9982538182336373,7.8444419500653835,8.39790423061005
2,159,97143137,person,396.6693649291992,279.7992477416992,3.1163495286066727,7.736980466914356,8.34101319564124
2,160,97143271,person,394.62744903564453,281.85340881347656,-15.238178310109607,15.329560237144355,21.614751797671243
2,161,97143404,person,392.05908203125,284.46179962158203,-19.311030108229556,19.611960963199014,27.52353350612872
2,162,97143637,person,390.93314361572266,286.51879119873047,-4.83235371470963,8.82829003067999,10.064310572009969
2,163,97143771,person,392.3714599609375,287.3162841796875,10.73370406876749,5.951440156395755,12.273224636216666
2,164,97144004,person,384.9030990600586,286.9602355957031,-32.0530510767335,-1.5281055106625536,32.08945605303094
2,165,97144137,person,382.64173889160156,287.52745056152344,-17.002708033511514,4.264774179100094,17.529414687078283
2,166,97144271,person,385.93560791015625,287.2359161376953,24.581112078766324,-2.1756300285680967,24.67720480625954
2,167,97144404,person,384.2024612426758,287.8098831176758,-13.031177950980968,4.3155412028606674,13.727180870947999
2,168,97144537,person,384.8509979248047,287.27518463134766,4.876215655104558,-4.0202893708881575,6.319826401157162
2,169,97144771,person,388.6685104370117,285.21255111694336,16.31415603507278,-8.8146731384799,18.543196856932212
2,170,97145004,person,388.1719284057617,285.2930145263672,-2.1312533530042916,0.3453365211323095,2.159050292957485
2,171,97145137,person,386.72322845458984,284.89120864868164,-10.892480835878759,-3.02109682470336,11.303679258728936
2,172,97145271,person,388.2935485839844,285.32493591308594,11.718806935780083,3.2367706298828125,12.157595161402577
2,173,97145404,person,392.1894989013672,285.0354804992676,29.29285952919408,-2.1763564948748826,29.373596085428158
2,174,97145537,person,390.7806167602539,285.1559066772461,-10.593098805363017,0.9054599848008693,10.631726110291732
2,175,97145771,person,386.35264587402344,286.38940048217773,-18.92295250525841,5.271341046716413,19.643451019285358
2,176,97145904,person,375.57298278808594,286.296688079834,-81.05009839050751,-0.6970857319078947,81.05309603974779
2,177,97146037,person,371.69244384765625,285.7552719116211,-29.176984514508927,-4.070798257239779,29.459596463818716
2,178,97146271,person,370.5724639892578,284.22815322875977,-4.786238711104433,-6.526148217356103,8.093126191687293
2,179,97146404,person,371.97628021240234,284.81216049194336,10.555009196575423,4.3910320540119825,11.43194566288488
2,180,97146537,person,371.80242919921875,284.47118377685547,-1.3071504750646146,-2.563734699908952,2.8777383439046176
2,181,97146771,person,370.37784576416016,284.37466049194336,-6.0879633976862975,-0.41249267056456995,6.1019217083503765
2,182,97146904,person,371.1141128540039,284.59997940063477,5.535842780780075,1.694127133018092,5.789267832493413
2,183,97147137,person,371.7798767089844,285.12642669677734,2.857355600774544,2.2594304555475455,3.642733453429367
2,184,97147271,person,369.1706237792969,284.67921447753906,-19.472036788712686,-3.337404621181203,19.755973433533004
2,185,97147404,person,368.33280181884766,284.7842025756836,-6.299413236460291,0.7893841965754229,6.348679747277708
2,186,97147537,person,369.5476531982422,284.7534942626953,9.134220897703242,-0.2308895713404605,9.137138578471513
2,187,97147771,person,372.22359466552734,286.3588447570801,11.43564729609041,6.8604721982254935,13.335670506697623
2,188,97147904,person,373.94165802001953,286.481746673584,12.917769582648026,0.9240745601797462,12.950779311808148
2,189,97148137,person,369.6244659423828,286.0986557006836,-18.52872136324772,-1.6441672656669124,18.601526855459017
2,190,97148271,person,364.5043487548828,286.8824272155762,-38.209829757462686,5.849041155914762,38.65491395072385
2,191,97148404,person,368.8332824707031,287.1873321533203,32.548373803160246,2.292518328903313,32.629009753877085
2,192,97148637,person,377.22371673583984,287.4676818847656,36.01044748985716,1.2032177315249464,36.03054345037299
2,193,97148771,person,383.0430221557617,286.27486419677734,43.42765238747668,-8.90162453722598,44.33057535481863
2,194,97148804,person,383.34827423095703,286.2283058166504,9.25006288470644,-1.4108600038470642,9.357039559683338
2,195,97149037,person,385.4631881713867,280.5530662536621,9.076883864505096,-24.357251343297342,25.993566775074815
2,196,97149271,person,376.3162040710449,270.20848846435547,-39.089675642486306,-44.20759739019932,59.011138006725005
2,197,97149404,person,325.7803783416748,262.5453624725342,-379.9686145065422,-57.61748866031044,384.31227278027734
2,198,97149537,person,319.8194704055786,259.24740409851074,-44.81885666237738,-24.796679503935618,51.22114042993996
2,199,97149771,person,335.0504541397095,259.1878261566162,65.0896740774823,-0.25460658929286856,65.09017203870475
2,200,97149804,person,360.7714309692383,260.92198181152344,779.4235402887517,52.55017136082505,781.1930463504546
2,201,97149937,person,386.37899017333984,266.8041877746582,192.53803912858316,44.22711250477267,197.55235759663725
2,202,97150171,person,401.5563507080078,277.0528755187988,64.86051510541867,43.79781087239583,78.26323949948915
2,203,97150404,person,390.1898651123047,284.002628326416,-48.783199981558475,29.827265268743293,57.17924758033028
2,204,97150537,person,323.7615575790405,248.92433643341064,-499.46095889672296,-263.74655558650653,564.821648881999
2,205,97150671,person,337.80250358581543,247.91042709350586,104.78317915503658,-7.566487611229739,105.05601538516196
2,206,97150804,person,333.01036262512207,241.98876953125,-36.031135042807215,-44.52374106959292,57.276576462854045
2,207,97150937,person,385.8519515991211,278.07292556762695,397.30518025563174,271.30944388253346,481.1031288588857
2,208,97151071,person,385.63572692871094,281.6276092529297,-1.613616943359375,26.527490188826373,26.576521505986747
2,209,97151204,person,334.9395217895508,282.7052345275879,-381.1744747305275,8.102445674121828,381.26057993450576
2,210,97151337,person,330.1081943511963,282.9598045349121,-36.32577021319167,1.9140602054452536,36.37616263505088
2,211,97151471,person,377.0715789794922,282.8350524902344,350.4730196141485,-0.9309854080427938,350.47425613201506
2,212,97151604,person,388.1971664428711,282.7471237182617,83.65103355923989,-0.6611185862605733,83.6536460252282
2,213,97151837,person,387.78263092041016,282.88943099975586,-1.7791224139954398,0.6107608647817194,1.8810383828964987
2,214,97151871,person,387.96997833251953,282.6798629760742,5.510218003216911,-6.163765402401195,8.26767841529977
2,215,97152104,person,387.4078826904297,282.4568099975586,-2.412427648454265,-0.9573089206679184,2.595428197546014
2,216,97152337,person,386.7451934814453,283.3010902404785,-2.8441596952119097,3.6235203558794926,4.6064242250731695
2,217,97152571,person,385.65631103515625,283.81970596313477,-4.653343787560096,2.2163065070779915,5.154184992657946
2,218,97152704,person,385.4298629760742,283.93212890625,-1.7026169855791822,0.8452852865807096,1.9008976340909507
2,219,97152837,person,386.57884216308594,284.1087341308594,8.638941255727207,1.327858831649436,8.740395591544756
2,220,97153071,person,386.89171600341797,284.2375907897949,1.3370676937266293,0.5506694826305422,1.4460245145598454
2,221,97153304,person,386.9588851928711,284.7618827819824,0.2882797830606223,2.2501802239806867,2.268571416930764
2,222,97153437,person,384.3733444213867,285.57780838012695,-19.44015617657425,6.134778933417528,20.385170706459668
2,223,97153671,person,390.44371795654297,286.91501235961914,25.941767244257477,5.714546920906784,26.563722146312166
2,224,97153804,person,378.88417053222656,288.1913375854492,-86.91389040839402,9.596430269399082,87.44207122339775
2,225,97153937,person,387.2565612792969,288.11731338500977,62.95030636894972,-0.5565729356349859,62.95276678095501
2,226,97154071,person,389.45963287353516,288.2958183288574,16.440832792822995,1.3321264466243004,16.494712601053703
2,227,97154204,person,391.11859130859375,287.85011291503906,12.473371692169877,-3.3511685249500704,12.915700981891803
2,228,97154437,person,382.16931915283203,287.8829765319824,-38.40889337236789,0.14104556628051232,38.40915234604499
2,229,97154571,person,382.5722198486328,287.7762985229492,3.0067216104535914,-0.7961045450239038,3.1103307363327706
2,230,97154704,person,381.8405990600586,287.5383605957031,-5.500908184768562,-1.789006971775141,5.784508345772683
2,231,97154937,person,382.02474212646484,287.6219596862793,0.7903135897263948,0.35879438015524406,0.8679452617171235
2,232,97155171,person,382.6399230957031,287.5455093383789,2.6289785010182958,-0.3267108884632078,2.6492013822012144
2,233,97155304,person,383.04200744628906,287.7873954772949,3.0231906059093046,1.8186927738046286,3.52807664955673
2,234,97155437,person,382.83329010009766,287.7604522705078,-1.5693033548226032,-0.2025805021587171,1.582324833690085
2,235,97155671,person,383.6059341430664,285.8441734313965,3.3018976195245724,-8.189225808168068,8.829832797227136
2,236,97155904,person,385.62684631347656,285.4805221557617,8.673442791459898,-1.5607350885612257,8.812746670215471
2,237,97156037,person,385.2936553955078,285.2829055786133,-2.5051948719454886,-1.4858389259281015,2.9126823823110453
2,238,97156271,person,385.5567169189453,283.63394927978516,1.1241945446047008,-7.046821789863782,7.135930963246349
2,239,97156404,person,385.82047271728516,282.18477630615234,1.9831263033070958,-10.896037395735432,11.075035930602366
2,240,97156637,person,385.5539245605469,285.52175521850586,-1.1439835053145118,14.321797907096633,14.36741429597369
2,241,97156771,person,386.3899383544922,285.75860595703125,6.238908910039645,1.7675428248163478,6.4844577279315985
2,242,97156904,person,387.7894821166992,285.44075775146484,10.522885430128055,-2.3898361320782424,10.79084957330923
2,243,97157037,person,388.31949615478516,282.7148017883301,3.9850679555333643,-20.495909497253876,20.879728751347333
2,244,97157271,person,396.76575469970703,281.5127830505371,36.09512198684562,-5.136832212790464,36.45881068312059
2,245,97157404,person,392.3047180175781,281.6296043395996,-33.54162918893914,0.8783555568609022,33.55312797836533
2,246,97157637,person,359.745304107666,283.4049758911133,-139.73997386228373,7.61962039276254,139.9475577134576
2,247,97157771,person,359.5830192565918,283.8515281677246,-1.2110809781658114,3.332479676203941,3.5457210730664337
2,248,97157904,person,384.7727813720703,284.3351135253906,189.3967076351768,3.635980132827185,189.43160563794774
2,249,97158037,person,392.9168395996094,283.82340240478516,61.2335205078125,-3.8474520346275844,61.3542738604203
2,250,97158171,person,390.9276809692383,285.0698356628418,-14.844467390829056,9.301740731765975,17.51800767091913
2,251,97158404,person,381.5059585571289,287.77309799194336,-40.4365768760059,11.601984245071083,42.06807326075218
2,252,97158437,person,381.0087127685547,287.95377349853516,-15.06805419921875,5.475015351266571,16.03190726168282
2,253,97158571,person,380.74871826171875,288.23708724975586,-1.940257513701026,2.114281725527635,2.869631759367986
2,254,97158704,person,382.11676025390625,287.8997611999512,10.286030016447368,-2.536286088757049,10.594109713575689
2,255,97158837,person,380.9608917236328,289.8992576599121,-8.69074082912359,15.033807969631109,17.36503262959041
2,256,97159071,person,385.1409683227539,289.2504577636719,17.863575209919205,-2.7726491292317705,18.077469470981544
2,257,97159204,person,388.59229278564453,289.2809829711914,25.949807991658833,0.22951283849271614,25.950822933907002
2,258,97159337,person,388.1687698364258,288.29659271240234,-3.1843830768327064,-7.401430517210996,8.057386007950765
2,259,97159571,person,386.6670608520508,286.9698600769043,-6.4175597622863245,-5.669797587598491,8.563391733819852
2,260,97159704,person,386.0381393432617,286.95043182373047,-4.728733148789943,-0.14607709153254228,4.730988872226974
2,261,97159837,person,385.4042053222656,287.21359634399414,-4.7664212104969454,1.9786806034862545,5.160808859712583
2,262,97159971,person,385.9897003173828,287.5903511047363,4.369365635202891,2.8116026921058768,5.195812328438064
2,263,97160204,person,385.92464447021484,287.74502182006836,-0.27920964449771996,0.663822812583825,0.7201518951493797
2,264,97160437,person,385.93563079833984,287.1468200683594,0.04715162285407725,-2.5673894923132377,2.567822439495807
2,265,97160571,person,386.31432342529297,285.00329208374023,2.8260643802472014,-15.996477497157764,16.24419687760453
2,266,97160704,person,385.8050003051758,283.7839813232422,-3.829497143738252,-9.167750078932682,9.935426004136392
2,267,97160837,person,385.80116271972656,282.71483993530273,-0.028854025933975562,-8.038657052176339,8.038708836456076
2,268,97160971,person,385.39251708984375,281.90815353393555,-3.0495942528568096,-6.020047771396921,6.748407240005476
2,269,97161104,person,385.6237335205078,281.87289810180664,1.7384694034891917,-0.26507843705944545,1.7585626075468408
2,270,97161237,person,386.51038360595703,281.47211837768555,6.666541995858787,-3.0133813843691257,7.315958553068166
2,271,97161371,person,387.6028747558594,281.40362548828125,8.152919029121968,-0.511140965703708,8.168926109485849
2,272,97161504,person,386.47615814208984,281.3043899536133,-8.471553486988956,-0.7461318396087876,8.504347782457673
2,273,97161737,person,386.82933044433594,281.4022979736328,1.5157609538458958,0.4202060945044259,1.5729286160097928
2,274,97161771,person,386.8424606323242,281.40644454956055,0.38618199965533084,0.12195811552159926,0.40498187465536
2,275,97162004,person,386.83753204345703,281.5040054321289,-0.021152741919259657,0.41871623419896725,0.41925019173814004
2,276,97162137,person,386.8521728515625,281.3398628234863,0.11008126395089285,-1.2341549521998354,1.2390546116747252
2,277,97162371,person,386.7103729248047,281.6913604736328,-0.6059825929821047,1.502126710027711,1.6197529305347746
2,278,97162504,person,386.4986343383789,281.68018341064453,-1.5920194468103852,-0.08403806758106203,1.5942359661684977
2,279,97162637,person,386.65380859375,281.7860870361328,1.1667237245946898,0.7962678608141447,1.4125461959517076
2,280,97162771,person,387.0379409790039,281.97221755981445,2.8666595914470614,1.3890337588182136,3.1854594639348477
2,281,97163004,person,386.3026351928711,281.8862190246582,-3.1558188246043453,-0.3690924255633047,3.1773293301663514
2,282,97163237,person,386.42452239990234,282.3324317932129,0.5231210602199571,1.9150762598913627,1.9852387072705242
2,283,97163371,person,387.08148193359375,282.51918029785156,4.9026830872493,1.393645557005014,5.096915674460403
2,284,97163604,person,387.18817138671875,282.4238700866699,0.45789464860515017,-0.40905670035038894,0.6139990987963923
2,285,97163737,person,386.7173843383789,282.56707763671875,-3.5397522431567197,1.0767484966077303,3.699896386100567
2,286,97163971,person,386.74300384521484,282.2158088684082,0.10948507194845085,-1.5011485825237045,1.5051358901416458
2,287,97164004,person,386.8087158203125,282.3189163208008,1.99127197265625,3.1244682543205493,3.7050595057762856
2,288,97164237,person,386.6212692260742,282.53527450561523,-0.8044918207651556,0.9285759004912151,1.2286009493123087
2,289,97164371,person,386.41368865966797,282.4765205383301,-1.5491087045242535,-0.43846244242653915,1.6099649349757457
2,290,97164504,person,385.4140167236328,282.34750747680664,-7.516330346128994,-0.9700230189732142,7.578665220833911
2,291,97164637,person,384.84413146972656,282.3146553039551,-4.284851533129699,-0.24700881843280073,4.291965286130295
2,292,97164871,person,387.6868209838867,281.4199333190918,12.148245787009214,-3.823598225911458,12.735767707318644
2,293,97165004,person,389.2100296020508,279.0932807922363,11.452696377173401,-17.49362802146969,20.90911943773028
2,294,97165137,person,389.38478088378906,276.4983253479004,1.3139194115660244,-19.51094319049577,19.555134579001066
2,295,97165271,person,389.1495895385742,275.68760681152344,-1.7551592926480877,-6.050138331171292,6.299583952046126
2,296,97165404,person,388.9878921508789,275.0288391113281,-1.2157698322955826,-4.953140602972274,5.100166479433056
2,297,97165537,person,388.4852981567383,274.24091720581055,-3.7789022115836466,-5.924224853515625,7.026844387043448
2,298,97165771,person,388.73033142089844,273.95978927612305,1.0471507015391293,-1.2014014089209402,1.5937032148712982
2,299,97165904,person,388.49212646484375,273.7721138000488,-1.7910147071781015,-1.4110938050693138,2.2801139024253274
2,300,97166037,person,388.33956146240234,273.7109184265137,-1.1471052815143326,-0.4601155904898966,1.2359437218133933
2,301,97166171,person,385.4499282836914,274.5155792236328,-21.56442670679804,6.004931321784631,22.384898913602775
2,302,97166304,person,387.6400451660156,274.16739654541016,16.467044228001644,-2.6179148738545583,16.67384250536484
2,303,97166537,person,388.3991470336914,274.6576232910156,3.2579479299389753,2.1039774489505096,3.878265826356665
2,304,97166671,person,388.3948516845703,275.3810234069824,-0.03205484418726679,5.398508328110424,5.39860349365588
2,305,97166804,person,388.5792007446289,275.3959083557129,1.3860831583352913,0.11191690774788533,1.3905940874534828
2,306,97167037,person,388.4990768432617,275.7157897949219,-0.3438794050093884,1.3728817133432805,1.4152940486068584
2,307,97167171,person,388.7723922729492,275.79822540283203,2.0396673857276117,0.6151911038071362,2.1304232299250665
2,308,97167304,person,388.5338897705078,275.90991973876953,-1.793251898055686,0.8398070371240601,1.9801586374539322
2,309,97167437,person,387.46675872802734,275.8451461791992,-8.023541672785479,-0.48701924488956766,8.038308822122847
2,310,97167471,person,387.4428405761719,275.82061767578125,-0.7034750545726103,-0.7214265711167279,1.0076375588073205
2,311,97167704,person,387.0712127685547,277.5114326477051,-1.594969131404238,7.2567166176988325,7.429930188078403
2,312,97167937,person,386.6974639892578,278.34114837646484,-1.604072014149678,3.561011711415303,3.905617932595961
2,313,97168171,person,387.72930908203125,278.0172576904297,4.409594413561699,-1.384148230919471,4.621730110821276
2,314,97168404,person,388.4723587036133,278.12437438964844,3.189054169879962,0.4597283228272532,3.2220205817527505
2,315,97168637,person,389.20430755615234,278.049617767334,3.1414113842878217,-0.3208438725942194,3.157753358942776
2,316,97168871,person,389.22540283203125,278.05109786987305,0.09015075161925748,0.006325224525908119,0.09037237676867974
2,317,97169104,person,389.29100799560547,278.120361328125,0.2815672256404238,0.2972680611671808,0.40944890126234323
2,318,97169337,person,388.92539978027344,278.3950958251953,-1.5691339713821082,1.179118013177307,1.9627788232871748
2,319,97169471,person,388.7744903564453,278.18030166625977,-1.1261897300606343,-1.6029414845936334,1.9590111564575852
2,320,97169704,person,389.2380676269531,278.14256286621094,1.9896020193468347,-0.1619690989220091,1.996183905454257
2,321,97169937,person,389.5444107055664,278.0824775695801,1.3147771614303916,-0.25787680957450376,1.3398281356708712
2,322,97170071,person,389.01309967041016,278.1044731140137,-3.9650077250466413,0.1641458539820429,3.9684039765451096
2,323,97170404,person,389.35779571533203,278.04157638549805,1.0351232580236487,-0.18887906461148649,1.0522145505314033
2,324,97170537,person,389.08802032470703,278.1352958679199,-2.0283863956766917,0.7046577625704887,2.147299218208102
2,325,97170771,person,389.21653747558594,278.1422805786133,0.5492185934995993,0.029849190997262284,0.5500291243642187
2,326,97171004,person,388.64013671875,278.20455169677734,-2.473822990712178,0.2672580178715129,2.488217642709888
2,327,97171237,person,387.10131072998047,278.34785079956055,-6.6044033852769575,0.6150176085116014,6.632977516488132
2,328,97171371,person,376.8865661621094,278.89004135131836,-76.22943707366487,4.046198147446361,76.33674604026707
2,329,97171504,person,373.29984283447266,280.0847816467285,-26.96784456869713,8.983009739925986,28.42462145163964
2,330,97171737,person,372.94231033325195,281.23986434936523,-1.5344742541661078,4.957436492003085,5.18948820298712
2,331,97171871,person,372.7544937133789,281.9700469970703,-1.4016165662167677,5.44912423660506,5.626498373291328
2,332,97172004,person,374.4799461364746,282.7914619445801,12.973326489441376,6.176052236915531,14.368396620178281
2,333,97172137,person,376.92381286621094,282.86231231689453,18.374937817566376,0.5327095662740836,18.382658112510033
2,334,97172371,person,379.155517578125,281.30165100097656,9.53719962356437,-6.669492803068242,11.637882578454528
2,335,97172604,person,379.30333709716797,282.00730895996094,0.634418536665102,3.028574931263412,3.094309776661262
2,336,97172737,person,381.7611389160156,281.24539947509766,18.479712923666586,-5.728642743332942,19.347277261203217
2,337,97172871,person,382.15667724609375,281.3025779724121,2.9517785826725746,0.4267052038392024,2.982461086436497
2,338,97173104,person,380.237606048584,282.45023345947266,-8.236357070857363,4.925560030302776,9.59680777189886
2,339,97173237,person,380.1401176452637,282.41978454589844,-0.7329955136865601,-0.228939199806156,0.7679163888682851
2,340,97173471,person,379.0579643249512,281.32904052734375,-4.6245868389423075,-4.661299224592681,6.566164321131991
2,341,97173604,person,378.6016540527344,280.7454261779785,-3.430904302381931,-4.3880778147761985,5.570128476133553
2,342,97173737,person,377.7528419494629,280.1979751586914,-6.382045889259281,-4.116173077346687,7.594299871303805
2,343,97173871,person,377.4950141906738,280.1387062072754,-1.9240877521571826,-0.4423056075822061,1.9742714931082666
2,344,97174104,person,376.38042068481445,280.0795211791992,-4.783663115276287,-0.25401299603507244,4.790402425956461
2,345,97174237,person,377.11076736450195,280.0400924682617,5.491328418703008,-0.2964564732142857,5.499324889708365
2,346,97174471,person,378.8905334472656,279.88648223876953,7.605837960528512,-0.6564539721888354,7.634114414876097
2,347,97174604,person,379.6831169128418,279.92761993408203,5.95927417726445,0.30930597979323304,5.9672957785706195
2,348,97174737,person,379.32314682006836,279.8510284423828,-2.7065420509281015,-0.5758758774377349,2.7671289994607724
2,349,97174971,person,379.4162940979004,279.32244873046875,0.3980652898804754,-2.2588876577524037,2.293693402648612
2,350,97175104,person,378.7101860046387,279.01842880249023,-5.309083407982848,-2.285864120139215,5.780271741766004
2,351,97175337,person,379.08945083618164,278.7122611999512,1.6277460581243293,-1.3140240452320278,2.091940826406721
2,352,97175471,person,376.80439376831055,278.8550109863281,-17.052664685605176,1.065296913260844,17.085907362299753
2,353,97175604,person,377.49547958374023,278.8150444030762,5.196133950599154,-0.30050062595453475,5.20481591017091
2,354,97175837,person,378.72906494140625,278.38409423828125,5.294357758223243,-1.8495715227249865,5.608131497186373
2,355,97176071,person,380.21695709228516,278.1462516784668,6.358513465294471,-1.0164211957882612,6.439239515313803
2,356,97176204,person,379.6530952453613,278.2438278198242,-4.239562758825775,0.7336551981761043,4.302573919856954
2,357,97176337,person,379.4926567077637,278.5219955444336,-1.2063047939673401,2.0914866511983083,2.414433198100395
2,358,97176471,person,379.58861541748047,278.5957832336426,0.7161097740059468,0.550654397081973,0.9033457109283021
2,359,97176804,person,379.3782958984375,278.5112838745117,-0.6315901472761823,-0.2537518292217999,0.6806585817939558
2,360,97177137,person,379.2736701965332,278.41923904418945,-0.3141912970099005,-0.2764109018686655,0.41847240982962375
2,361,97177371,person,380.03837966918945,278.43393325805664,3.2679891993856836,0.06279578575721154,3.268592467410146
2,362,97177504,person,379.43713760375977,278.2502136230469,-4.520617033305921,-1.38135063917117,4.726955463102464
2,363,97177737,person,379.23046875,278.3547477722168,-0.886990788668522,0.4486444170382913,0.9939992314496199
2,364,97177871,person,378.8185844421387,278.1905937194824,-3.0737634915024485,-1.2250302442863805,3.3088851749659844
2,365,97178104,person,379.65171813964844,277.99536895751953,3.575681105192127,-0.8378745148621914,3.6725371432680625
2,366,97178237,person,379.3656921386719,278.0356254577637,-2.150571435914004,0.30268045296346335,2.1717672429556965
2,367,97178371,person,380.0100898742676,277.8295211791992,4.808938325341068,-1.5380916310780084,5.04892203173374
2,368,97178604,person,378.9503593444824,277.7093849182129,-4.548199698648739,-0.5156062703275885,4.5773322279237725
2,369,97178637,person,378.88031005859375,277.7012252807617,-2.1227056329900567,-0.24726174094460227,2.1370581585119934
2,370,97178871,person,379.1409149169922,277.77788162231445,1.1136959760616987,0.32759120321681356,1.1608767047025534
2,371,97179104,person,378.4250144958496,277.8332824707031,-3.0725339963200775,0.2377718814964458,3.081720400388878
2,372,97179237,person,379.2916030883789,277.8623504638672,6.515703703227795,0.21855633957941728,6.519368191920653
2,373,97179371,person,379.13232421875,277.8028678894043,-1.1886482808127332,-0.44389980942455687,1.2688308698507553
2,374,97179504,person,379.079402923584,277.83206939697266,-0.3979044749324483,0.21956020728089753,0.45446084076903487
2,375,97179737,person,378.9069366455078,277.96198654174805,-0.740198618352669,0.5575843123407322,0.9267115300780968
2,376,97179971,person,376.53969955444336,278.9787826538086,-10.116397825061766,4.345282530173277,11.010131026556564
2,377,97180204,person,370.6804847717285,279.79133224487305,-25.14684456100791,3.487337300705807,25.38750308369035
2,378,97180337,person,371.88863372802734,281.23468017578125,9.083826739088932,10.852240082016564,14.152279781841296
2,379,97180571,person,377.9868621826172,283.699161529541,26.060805361495056,10.531971597263954,28.10850408355635
2,380,97180704,person,377.66426849365234,284.9117965698242,-2.4255164583822837,9.11755669385867,9.434668523886273
2,381,97180837,person,375.15484619140625,285.5497131347656,-18.867836858993186,4.796365149935385,19.46793225766662
2,382,97180971,person,374.76253509521484,286.22090911865234,-2.9276947476970614,5.008925252885961,5.801786683832114
2,383,97181204,person,373.4139862060547,286.4815559387207,-5.7877634727903695,1.118655880121714,5.894878878746986
2,384,97181437,person,372.9781494140625,286.96198654174805,-1.8705441716402895,2.0619339185722905,2.7839732366918217
2,385,97181471,person,370.55506896972656,287.0005760192871,-71.26707189223345,1.134984633501838,71.27610908439837
2,386,97181704,person,372.36670684814453,286.9788017272949,7.775269864454801,-0.09345189696217811,7.7758314489284555
2,387,97181937,person,369.1093521118164,287.5270767211914,-13.980063246043454,2.3531115617874865,14.176716911386535
2,388,97182071,person,368.6506042480469,286.9878959655762,-3.4234915206681436,-4.023736982203241,5.283062889464475
2,389,97182204,person,368.90625,287.0480842590332,1.9221485109257517,0.4525435598273026,1.9747026539697696
2,390,97182437,person,368.95655059814453,286.98844146728516,0.2158823954700912,-0.2559776469873256,0.3348578271909927
2,391,97182571,person,368.2379684448242,286.67999267578125,-5.362553382987406,-2.3018566530142257,5.8357109966494685
2,392,97182704,person,366.71976470947266,286.0879554748535,-11.415065679335056,-4.451407525772439,12.25229584298537
2,393,97182937,person,368.4879150390625,283.68025970458984,7.588628023990745,-10.333458241474986,12.820594156075801
2,394,97183071,person,367.9493103027344,282.46166610717773,-4.019438330806903,-9.09398207023962,9.942655298711681
2,395,97183304,person,370.9130630493164,280.9180908203125,12.719968869450778,-6.624786638906585,14.341736507509546
2,396,97183437,person,374.90218353271484,279.9253463745117,29.993387093221333,-7.4642439533893326,30.9082223222159
2,397,97183571,person,375.64300537109375,278.7137794494629,5.528521181932136,-9.041544216782299,10.597833188114528
2,398,97183804,person,380.49108123779297,277.85354232788086,20.80719256094085,-3.6920048136567862,21.132206742603508
2,399,97184037,person,383.6704559326172,277.59031677246094,13.645384956327119,-1.1297234138194072,13.692070902463595
2,400,97184171,person,387.3400115966797,278.7268524169922,27.384743761660445,8.481609287546641,28.668133650420952
2,401,97184304,person,387.3725051879883,276.85718536376953,0.24431271660596804,-14.0576470167117,14.059769854089318
2,402,97184537,person,387.6401138305664,276.16796875,1.1485349466872317,-2.958011217894984,3.173162915602413
2,403,97184571,person,388.15140533447266,276.1509780883789,15.037985409007351,-0.49972534179687494,15.046286271992567
2,404,97184804,person,387.68182373046875,275.3536186218262,-2.0153716910038892,-3.4221436332735378,3.971497211336612
2,405,97185037,person,387.0386657714844,275.0709571838379,-2.7603345879157724,-1.213139218833825,3.0151540261679632
2,406,97185171,person,386.73766326904297,274.6560249328613,-2.2462873316522853,-3.0965093356459885,3.8254642649075032
2,407,97185404,person,385.20532989501953,275.11030197143555,-6.5765380859375,1.9496868608335567,6.8594556672591365
2,408,97185537,person,383.5881042480469,276.1374053955078,-12.159591330621476,7.722582135881696,14.404649810848026
2,409,97185671,person,378.26964569091797,278.27423095703125,-39.689989232305265,15.94645941435401,42.773646245254184
2,410,97185904,person,378.08635330200195,280.92159271240234,-0.7866626133734576,11.362067619618427,11.389267696391244
2,411,97186137,person,379.10244369506836,281.8173942565918,4.360902974533932,3.8446418205555926,5.813668848641442
2,412,97186171,person,379.2104034423828,281.71767807006836,3.1752866857192092,-2.9328290153952206,4.322491361477751
2,413,97186404,person,377.5002746582031,281.3975143432617,-7.33960851579265,-1.37409324809717,7.467126985632574
2,414,97186637,person,377.9343147277832,280.1813316345215,1.8628329166526958,-5.2196682778550825,5.542119035730956
2,415,97186671,person,377.06979751586914,279.61963272094727,-25.426976821001837,-16.52055628159467,30.32259768075786
2,416,97186904,person,380.24089431762695,277.4954032897949,13.609857518273873,-9.116864511383449,16.381252705047892
2,417,97187137,person,378.51076889038086,275.4576301574707,-7.425431018223578,-8.745807434867892,11.472845047946361
2,418,97187171,person,378.9679298400879,274.2926559448242,13.445910285500918,-34.26394743077895,36.80775185942389
2,419,97187404,person,378.5549545288086,272.8336296081543,-1.77242622866651,-6.261915608025415,6.507924539981797
2,420,97187537,person,377.6306495666504,272.7271957397461,-6.949661369610549,-0.8002546496857378,6.995584368485653
2,421,97187671,person,376.44641876220703,274.19189834594727,-8.837543316741487,10.93061646418785,14.056334805434046
2,422,97187804,person,376.2378807067871,274.9476661682129,-1.567955303909187,5.682464829064849,5.894818942818851
2,423,97188037,person,376.8254699707031,276.3606643676758,2.5218423344035004,6.064369954776354,6.567820925389475
2,424,97188171,person,376.3768997192383,276.80990982055664,-3.347539190036147,3.352578006573577,4.737699644235452
2,425,97188304,person,376.26662826538086,276.8449249267578,-0.8291086756197134,0.263271475196781,0.8699040554223002
2,426,97188537,person,375.02410888671875,276.732852935791,-5.332701195974718,-0.4809956693853943,5.3543495290761225
2,427,97188671,person,375.0142135620117,277.236026763916,-0.07384570676888992,3.7550285680970146,3.755754616003675
2,428,97188904,person,376.0444107055664,277.2021903991699,4.421446968045869,-0.14522044955405042,4.423831175600023
2,429,97189037,person,376.19165802001953,277.21707916259766,1.1071226650610901,0.11194558968221334,1.1127679050643353
2,430,97189371,person,375.88666915893555,277.2329216003418,-0.9131403026466598,0.047432448335750374,0.9143713958084849
2,431,97189704,person,377.98268127441406,276.9712677001953,6.294330677112659,-0.7857474478873404,6.343185140345737
2,432,97190037,person,377.54785919189453,276.8753242492676,-1.305772019578172,-0.28811847125445755,1.3371809229088125
2,433,97190271,person,377.9332160949707,277.49030685424805,1.6468243721203926,2.6281307905148235,3.1014677113685702
2,434,97190604,person,377.41724395751953,277.6194267272949,-1.5494658782317472,0.3877473665071321,1.5972452936345425
2,435,97190937,person,378.3460922241211,277.9739570617676,2.789334133938626,1.0646556590770457,2.985611592816441
2,436,97191171,person,376.8114891052246,278.4092025756836,-6.558132986737112,1.8600235637436564,6.816802471057166
2,437,97191504,person,379.23640060424805,278.54137802124023,7.282016513583896,0.3969232599298517,7.292826103670778
2,438,97191837,person,380.0951919555664,278.299129486084,2.57895300696204,-0.7274730785472973,2.679592448886515
2,439,97192071,person,381.0054473876953,278.0732536315918,3.8899804791833597,-0.9652814294537927,4.007956632309781
2,440,97192404,person,378.2251968383789,278.2625160217285,-8.349100748697916,0.5683555259360923,8.368423466565861
2,441,97192737,person,376.65562438964844,278.6233940124512,-4.713430776968375,1.0837176898578265,4.836411243947674
2,442,97192971,person,377.07787322998047,278.63573455810547,1.804482223641159,0.052737374591012284,1.8052527042261133
2,443,97193304,person,377.9603614807129,278.5691566467285,2.65011486706433,-0.199933667798658,2.6576460035442673
2,444,97193537,person,377.59204864501953,278.60594940185547,-1.580741784091671,0.15790882028735245,1.588609386695755
2,445,97193771,person,377.11950302124023,278.5883102416992,-2.019425742646568,-0.07538102630876067,2.020832162548638
2,446,97194104,person,378.2731819152832,278.46730041503906,3.464501183312218,-0.36339287285332206,3.4835072598190964
2,447,97194437,person,379.3863868713379,278.3575553894043,3.3429578259900525,-0.3295646415458427,3.359163568405888
2,448,97194671,person,379.4145736694336,278.4743003845215,0.12045640211838941,0.4989102355435363,0.5132457188729527
2,449,97195004,person,377.758243560791,278.94866943359375,-4.973964290217952,1.4245316788956925,5.173935761539831
2,450,97195337,person,377.13444900512695,279.3233108520508,-1.8732569239161034,1.1250493046757695,2.1851378539925244
2,451,97195671,person,377.84404373168945,279.49026107788086,2.124535109468563,0.49985097553915603,2.1825444850247715
2,452,97195904,person,376.6383819580078,280.1720085144043,-5.174514050135796,2.9259546631907187,5.944476961524897
2,453,97196237,person,376.9921073913574,279.7091598510742,1.0622385385874156,-1.3899359259161503,1.7493634816734671
2,454,97196471,person,376.59752655029297,279.99890518188477,-1.6862429105318508,1.2382279094467814,2.0920381232309975
2,455,97196704,person,379.4589614868164,280.10251235961914,12.280836637439645,0.44466599885997854,12.28888426042096
2,456,97197037,person,379.08176040649414,280.1210174560547,-1.1327359769437406,0.05557086016680743,1.1340982823205268
2,457,97197371,person,379.56456756591797,280.90026473999023,1.445530417436611,2.333075700405829,2.7445947627215594
2,458,97197604,person,378.9093208312988,280.2318801879883,-2.8122177451465262,-2.8686032274761937,4.017144896914206
2,459,97197937,person,379.54447174072266,279.98030853271484,1.907360088359844,-0.7554704362565691,2.051525794799023
2,460,97198171,person,379.5830726623535,280.11583709716797,0.16496120355068108,0.579181899372329,0.602215801218656
2,461,97198504,person,378.6952896118164,280.2051086425781,-2.6660151667781062,0.26808271894941815,2.6794598734988004
2,462,97198837,person,379.2965431213379,280.15587997436523,1.805566094659112,-0.147833838477149,1.811608060807151
2,463,97199171,person,379.3698081970215,280.30387115478516,0.21935651402273576,0.44308736652671216,0.4944124741749379
2,464,97199404,person,380.32345962524414,280.3086967468262,4.092924584646593,0.020710695455002683,4.0929769836282635
2,465,97199637,person,379.7436408996582,280.3266181945801,-2.488492384489002,0.07691608478071352,2.48968078912895
2,466,97199971,person,379.9894485473633,280.41644287109375,0.735951041033168,0.2689361572265625,0.7835499929561572
2,467,97200204,person,379.90710067749023,280.4659194946289,-0.35342433421908526,0.2123460237560354,0.41231006999975445
2,468,97200537,person,379.8586769104004,280.4609375,-0.14541671798751876,-0.0149609448315503,0.1461843074359018
2,469,97200871,person,380.0531768798828,280.3819770812988,0.5823352379713229,-0.2364084392250655,0.6284928635393952
2,470,97201104,person,380.15916442871094,280.1280288696289,0.45488218381169526,-1.089906487853742,1.1810224186758589
2,471,97201437,person,380.2322883605957,280.07837677001953,0.2195913870413382,-0.14910540423235735,0.2654294611267436
2,472,97201771,person,380.2100715637207,279.98462677001953,-0.06651735591317365,-0.280688622754491,0.28846258263680025
2,473,97202004,person,379.8513374328613,280.04129791259766,-1.5396314629157724,0.2432237878889485,1.5587247520313552
2,474,97202337,person,380.44240951538086,280.0905418395996,1.774991238797391,0.1478796606665259,1.781140727692886
2,475,97202671,person,380.0638999938965,280.0754928588867,-1.13326204037238,-0.04505682848170846,1.1341573832329446
2,476,97202904,person,379.46358489990234,280.349422454834,-2.57645963087614,1.175663501919595,2.8320185202925954
2,477,97203237,person,379.13457107543945,280.3078842163086,-0.9880295028915634,-0.12473945503120307,0.9958725973866493
2,478,97203571,person,379.6590576171875,280.5035285949707,1.5703189872696013,0.5857616127608065,1.6760126457648126
2,479,97203804,person,379.130802154541,280.3602485656738,-2.2671908268089456,-0.6149357480552575,2.349106259708766
2,480,97204037,person,379.387882232666,280.0096893310547,1.1033479747854076,-1.5045460713267838,1.8657533690731796
2,481,97204471,person,379.0075340270996,279.7399215698242,-0.8763783538396458,-0.6215847032960109,1.074433135402235
2,482,97204604,person,378.5435104370117,279.7586898803711,-3.4888991735931625,0.141115116893797,3.4917518410842145
2,483,97204937,person,379.5396423339844,279.78539657592773,2.9913870779959644,0.08020028695687875,2.9924619857951744
2,484,97205271,person,378.9458656311035,279.1612205505371,-1.777774559523531,-1.868790495181512,2.579313920283812
2,485,97205504,person,380.06067276000977,279.02090072631836,4.784579952387339,-0.6022310052306866,4.8223321644664825
2,486,97205837,person,379.10324478149414,279.2200241088867,-2.8751590946415164,0.597968115820899,2.9366827692207784
2,487,97206171,person,379.36891174316406,279.2551612854004,0.7954100648800055,0.10520112728644274,0.8023368672164785
2,488,97206404,person,379.5668601989746,279.5959014892578,0.8495641880280981,1.4624043084009521,1.6912674746501537
2,489,97206737,person,379.7334632873535,279.41656494140625,0.5003095747114301,-0.5385481917464339,0.7350808291482548
2,490,97207171,person,379.91700744628906,279.91512298583984,0.4229128086072509,1.1487512544552851,1.2241260916656684
2,491,97207404,person,378.5793647766113,282.9481201171875,-5.740955663852937,13.017155070161614,14.22690753659977
2,492,97207737,person,380.64086151123047,280.0925827026367,6.1906808847421635,-8.575187431083426,10.576311705643096
2,493,97207971,person,380.221923828125,277.3618927001953,-1.7903319790831997,-11.669615395048744,11.806151450141854
2,494,97208304,person,381.5963134765625,276.4327735900879,4.1272962415540535,-2.7901474778000654,4.981917021932449
2,495,97208637,person,385.3004379272461,275.22014236450195,11.12349684889968,-3.641535211969782,11.704399209164771
2,496,97208971,person,384.4737319946289,274.60425186157227,-2.475167462925711,-1.8439835417056512,3.0865400162005705
2,497,97209304,person,386.1225357055664,273.41880798339844,4.951362495307808,-3.5598915260475317,6.098263542777221
2,498,97209637,person,386.14344024658203,273.976261138916,0.06277639944632132,1.674033500052787,1.6752101467059077
2,499,97209971,person,385.3339614868164,274.89402770996094,-2.4235891010946853,2.747804104924916,3.663906594058746
2,500,97210304,person,386.1697692871094,274.46276092529297,2.509933334213119,-1.2950954494533595,2.824364984450307
2,501,97210637,person,387.4852600097656,274.10289764404297,3.950422590559309,-1.0806705142642643,4.095569240582011
2,502,97211071,person,388.27904510498047,274.17583084106445,1.8289979152415754,0.16804884106332804,1.8367018775350443
2,503,97211404,person,387.8359603881836,274.3130302429199,-1.3305847351257507,0.41201021578218844,1.3929135490971971
2,504,97211737,person,387.0636672973633,274.6157417297363,-2.319198470931869,0.9090435039531719,2.4909920994760664
2,505,97212171,person,387.81689453125,274.64854431152344,1.735546621858799,0.07558198568458381,1.73719161672094
2,506,97212404,person,387.6142349243164,274.5518608093262,-0.8697837207450375,-0.4149506532071486,0.9636948508060633
2,507,97212837,person,388.165771484375,274.76903915405273,1.2737564897427107,0.5015666159966802,1.368950205611597
2,508,97213171,person,387.38763427734375,275.0290946960449,-2.3297521168600297,0.778609407162238,2.4564155867717745
2,509,97213404,person,387.4972152709961,274.8630905151367,0.470304693786883,-0.712464295743361,0.8536930816792749
2,510,97213737,person,384.71012115478516,275.1024169921875,-8.369652000633446,0.7186981292816254,8.400452464762857
2,511,97214171,person,388.3737030029297,274.35046005249023,8.441432829826109,-1.7326196767218103,8.617410235368258
2,512,97214304,person,386.8921585083008,274.5677070617676,-11.139432290442903,1.633436159980028,11.258555211131325
2,513,97214637,person,388.08514404296875,273.72268295288086,3.582539143147053,-2.537609936596753,4.390222192838922
2,514,97214871,person,388.01280975341797,273.74401092529297,-0.3091208955161592,0.09114518124833065,0.32227809747096253
2,515,97215104,person,388.04913330078125,274.1136817932129,0.15589505306129292,1.5865702485833555,1.5942109086500549
2,516,97215437,person,388.33699798583984,274.16980361938477,0.8644585136894707,0.16853401252815314,0.8807339185412633
2,517,97215671,person,388.17262268066406,274.19005966186523,-0.7024585691272702,0.0865642841045673,0.7077721502170513
2,518,97216004,person,388.26971435546875,274.70352935791016,0.29156659100506754,1.5419510391739395,1.5692750186630475
2,519,97216137,person,388.0210647583008,274.73522186279297,-1.869545843368186,0.23828951039708646,1.884670674473539
2,520,97216471,person,386.9626998901367,274.80175018310547,-3.1687570903115643,0.19918658776197604,3.17501130614429
2,521,97216604,person,385.5863342285156,275.3357582092285,-10.34861399715108,4.015097940774789,11.100217256254275
2,522,97216937,person,387.2946319580078,274.4699020385742,5.1300232116882505,-2.600168680643534,5.751349000039883
2,523,97217271,person,388.22583770751953,274.18892669677734,2.7880411662027504,-0.841243538313997,2.9121923417240567
2,524,97217504,person,387.396240234375,275.43388748168945,-3.5605041765859706,5.343179334386735,6.420806443968204
2,525,97217737,person,387.06241607666016,275.1748809814453,-1.4327217069306597,-1.11161588087614,1.8133894662003363
2,526,97218071,person,389.08685302734375,274.2189521789551,6.06118847510058,-2.862062282904893,6.702940119225209
2,527,97218304,person,388.26551055908203,274.00262451171875,-3.525074971080338,-0.9284449237610649,3.645293339114801
2,528,97218537,person,388.26673889160156,274.656063079834,0.005271813388546137,2.8044573738851257,2.804462328852905
2,529,97218771,person,388.8649597167969,274.8075294494629,2.5564992529714208,0.6472921779013088,2.6371718931491084
2,530,97219104,person,388.85797119140625,274.9149589538574,-0.02098656273460961,0.3226111243079016,0.32329301468269006
2,531,97219237,person,389.404541015625,274.22578048706055,4.1095475505169174,-5.18179298343515,6.613573889595349
2,532,97219571,person,389.8093566894531,274.28887939453125,1.2120229755333083,0.18891888464282372,1.2266580771328672
2,533,97219804,person,389.4921646118164,274.7419548034668,-1.3613393889987928,1.9445296520838922,2.3736976428924366
2,534,97220037,person,389.9840621948242,274.0979766845703,2.111148424926234,-2.7638545875385594,3.4779073957088706
2,535,97220271,person,389.55265045166016,274.74155044555664,-1.843639928051549,2.7503152178902908,3.311078673493706
2,536,97220604,person,389.2921371459961,274.3750114440918,-0.7823222392314189,-1.1007177221166478,1.3504101561295083
2,537,97220837,person,389.5467834472656,274.39037704467773,1.092902580555928,0.06594678363063304,1.0948904186524935
2,538,97221171,person,388.7864532470703,274.40829849243164,-2.2764377251356662,0.053657029203312126,2.2770700018233456
2,539,97221504,person,388.81542205810547,274.4188117980957,0.08699342653200075,0.03157148848066817,0.09254520595181348
2,540,97221737,person,388.63951110839844,274.3700370788574,-0.7549826167683744,-0.20933355896258046,0.7834662025450506
2,541,97222071,person,388.4568862915039,273.8059997558594,-0.5467808889057821,-1.6887344999941523,1.7750474787855948
2,542,97222404,person,388.68309020996094,273.28964614868164,0.6792910464175113,-1.550611432966169,1.692876883234098
2,543,97222637,person,388.8667984008789,274.22568130493164,0.7884471713217542,4.017318267167382,4.093958353681924
2,544,97222971,person,389.4071731567383,273.7218933105469,1.617888490596931,-1.5083472885771425,2.2119391291272086
2,545,97223304,person,388.0686569213867,273.9901351928711,-4.019568274329016,0.805531178150807,4.099488942656801
2,546,97223637,person,388.49564361572266,274.29836654663086,1.2822423253331456,0.925619680960257,1.5814288395804348
2,547,97223971,person,388.05934143066406,273.3775520324707,-1.3062939672412985,-2.7569296831142402,3.05074830270991
2,548,97224304,person,387.6412048339844,272.9368133544922,-1.255665455494557,-1.3235395735090558,1.824404762865655
2,549,97224537,person,387.7360534667969,273.5786666870117,0.40707567730686695,2.7547353327018507,2.784650312030367
2,550,97224771,person,388.33815002441406,273.97838592529297,2.5730622120392628,1.7082018729967947,3.0884628516357684
2,551,97225104,person,388.37306213378906,273.88656997680664,0.1048411692942943,-0.27572356902801237,0.2949833169800285
2,552,97225237,person,387.69803619384766,272.91465759277344,-5.075383007078242,-7.307611910024083,8.89723015865412
2,553,97225571,person,389.3892135620117,273.0735893249512,5.0634052939043785,0.47584350951417476,5.085715310149168
2,554,97225904,person,389.9319534301758,273.693790435791,1.6298494539461335,1.862465798317849,2.4749117342709925
2,555,97226037,person,389.8265380859375,273.4118995666504,-0.7925965732201598,-2.1194802191024436,2.262831351879075
2,556,97226271,person,389.9104232788086,273.1320686340332,0.35848373021834934,-1.195858686398237,1.2484344526908007
2,557,97226604,person,388.4078674316406,273.6824417114258,-4.512179721225131,1.6527720041819163,4.805353382889006
2,558,97226737,person,390.2658462524414,273.711124420166,13.969765569930685,0.21565946421228852,13.971430101579621
2,559,97227071,person,390.1254425048828,273.7120819091797,-0.42037050167243634,0.002866733573867889,0.42038027646134796
2,560,97227304,person,389.96842193603516,274.49535369873047,-0.6739080208053916,3.361681500217945,3.4285644998181692
2,561,97227437,person,389.83495330810547,273.8533630371094,-1.003523518268327,-4.826997455797697,4.93020931502863
2,562,97227771,person,389.0752944946289,274.37830352783203,-2.274427585259169,1.5716781159360964,2.7646325145849477
2,563,97228004,person,389.07337951660156,273.9105339050293,-0.008218789816925965,-2.0075949476512203,2.0076117708214305
2,564,97228237,person,388.53963470458984,273.63415908813477,-2.2907502661447157,-1.1861580124228808,2.5796332321237228
2,565,97228471,person,389.6034622192383,273.24374771118164,4.546271430121528,-1.6684246878338673,4.842749720490702
2,566,97228704,person,389.6774673461914,273.2599906921387,0.31761857061427035,0.06971236462245171,0.3251789817628223
2,567,97228937,person,388.84056091308594,273.67862701416016,-3.591873103456947,1.796722412109375,4.016187721896671
2,568,97229271,person,389.7684326171875,273.29803466796875,2.7780589943160554,-1.1394980424892402,3.002676733305992
2,569,97229504,person,389.7923278808594,272.84035873413086,0.10255477970761802,-1.9642743941540368,1.9669497650855465
2,570,97229837,person,389.2504425048828,273.0831527709961,-1.6272834113410284,0.7291112218175206,1.7831585668711385
2,571,97230071,person,389.06592559814453,273.46388244628906,-0.7885337894798343,1.6270498944143963,1.8080588751656639
2,572,97230304,person,388.3626022338867,273.81792068481445,-3.0185552114069205,1.5194774185639082,3.379421132359434
2,573,97230637,person,388.9020462036133,273.9137306213379,1.6199518610407282,0.2877175270974099,1.6453040471257487
2,574,97230771,person,388.7777404785156,273.70145416259766,-0.9276546649078824,-1.584152677165928,1.8357785492529681
2,575,97231004,person,388.6808090209961,273.20527267456055,-0.41601483913961906,-2.12953428342107,2.1697890705435063
2,576,97231237,person,389.6145324707031,273.0079879760742,4.007396779858503,-0.8467154441473309,4.095870602762972
2,577,97231471,person,389.56607818603516,273.0785331726074,-0.20706959259815705,0.3014751988598424,0.36573913067423924
2,578,97231804,person,388.8479995727539,272.942569732666,-2.1563922320758255,-0.4082986184426614,2.1947061808768726
2,579,97231937,person,388.7312545776367,272.54022216796875,-0.877781918174342,-3.0251696593779367,3.1499448509290837
2,580,97232271,person,389.048828125,273.3804054260254,0.9508190040816803,2.515518736696529,2.689217598706765
2,581,97232504,person,388.9673538208008,273.86523056030273,-0.3496751253185354,2.0807945677139217,2.1099712619593425
2,582,97232737,person,388.7060012817383,274.1329040527344,-1.1216847170064377,1.148813272238801,1.6055991214614667
2,583,97233071,person,388.8061752319336,273.97175216674805,0.2999220065727919,-0.48249067660577283,0.5681113121899143
2,584,97233404,person,388.04859161376953,274.3617172241211,-2.27502588037256,1.1710662383574981,2.5587377534608198
2,585,97233837,person,389.9983367919922,274.0654602050781,4.502875700283271,-0.6841963488290271,4.554559717025624
2,586,97234071,person,389.03932189941406,274.0519828796387,-4.098354241786859,-0.05759540786091079,4.098758924623282
2,587,97234504,person,389.00513458251953,273.9894828796387,-0.07895454248159642,-0.14434180138568128,0.1645246954281991
2,588,97234837,person,389.2882843017578,273.6736259460449,0.8502994571720157,-0.9485193201013513,1.2738516661968748
2,589,97235071,person,388.83443450927734,274.3227081298828,-1.9395290276943107,2.773855486486712,3.384678287397677
2,590,97235504,person,389.38199615478516,274.1280975341797,1.264576548516888,-0.44944710324047343,1.3420717364098456
2,591,97235837,person,389.03306579589844,274.05923080444336,-1.047838915575732,-0.20680699620518955,1.0680522115862778
2,592,97236171,person,389.9036865234375,273.98406982421875,2.6066488848474925,-0.22503287492398016,2.6163444352136107
2,593,97236504,person,390.65209197998047,273.95861053466797,2.2474638334623687,-0.07645432297531907,2.248763870712748
2,594,97236837,person,388.70082092285156,274.4793891906738,-5.85967284423095,1.5638998678854634,6.064779356101077
2,595,97237071,person,389.62481689453125,274.0721015930176,3.948700733673878,-1.7405452891292734,4.315290880998258
2,596,97237404,person,389.38818359375,273.8541374206543,-0.7106105128566066,-0.6545470641539977,0.9661258511058209
2,597,97237837,person,389.09864807128906,274.1679801940918,-0.6686732620344977,0.724810100317552,0.9861407672752384
2,598,97238071,person,389.4599075317383,273.2710990905762,1.5438438480735843,-3.832825228699252,4.1320700697093855
2,599,97238404,person,388.553466796875,272.8909721374512,-2.7220442488386825,-1.1415223817567568,2.9517110699876037
2,600,97238737,person,387.67140197753906,272.60479736328125,-2.6488433013091215,-0.8593837062159816,2.7847641173714734
2,601,97238971,person,389.3646240234375,273.7524070739746,7.235991649138621,4.904315002963074,8.741388951115981
2,602,97239204,person,390.1443634033203,277.4662208557129,3.346520943703058,15.939114943082751,16.286638314748906
2,603,97239537,person,389.6674346923828,288.6159896850586,-1.4322183511636637,33.482789277314424,33.513406678439175
2,604,97239771,person,384.9976577758789,297.91244888305664,-19.95631160899105,39.72845811110276,44.45902334645688
2,605,97240104,person,372.676700592041,300.14489364624023,-36.99987142293661,6.70403832787866,37.60232193915034
2,606,97240437,person,372.8407287597656,294.10839080810547,0.4925770802540822,-18.12763615055485,18.134327243845984
2,607,97240771,person,381.1569366455078,282.53015899658203,24.89882600521613,-34.66536470515999,42.68066361456648
2,608,97241104,person,380.6442337036133,276.8928756713867,-1.5396484741577514,-16.92877875434028,16.998648991533976
2,609,97241437,person,380.4233207702637,274.43294525146484,-0.6634022022510792,-7.387178438203828,7.416906886284547
2,610,97241671,person,380.9965400695801,274.4085578918457,2.4496551252837873,-0.10421948555188301,2.4518711087652685
2,611,97242004,person,381.5149688720703,275.08692932128906,1.5568432507214245,2.037151439769848,2.5639319210683453
2,612,97242237,person,381.6705131530762,275.36030197143555,0.667572021484375,1.1732731765943534,1.349897163040407
2,613,97242471,person,381.79638671875,275.4470558166504,0.5379212208283253,0.37074292826856303,0.6533066344976031
2,614,97242804,person,380.82226943969727,277.60161209106445,-2.9252771142724754,6.470138962204391,7.100700274305459
