track_id,object_type,future_step,predicted_x,predicted_y
1,person,1,-0.09538928,-0.5604298
1,person,2,-0.25708273,-0.83957195
1,person,3,-0.3611149,-1.0148909
1,person,4,-0.42484513,-1.1372305
1,person,5,-0.46330187,-1.2262807
1,person,6,-0.4858147,-1.2925036
1,person,7,-0.49814665,-1.3424011
1,person,8,-0.5039839,-1.3803537
1,person,9,-0.5057341,-1.4094472
1,person,10,-0.50498056,-1.4319086
8,person,1,-0.09448302,-0.5610819
8,person,2,-0.25623834,-0.8400084
8,person,3,-0.3603052,-1.0152627
8,person,4,-0.42405435,-1.137635
8,person,5,-0.46252352,-1.2267629
8,person,6,-0.48504698,-1.2930762
8,person,7,-0.49738884,-1.3430607
8,person,8,-0.50323594,-1.3810927
8,person,9,-0.50499517,-1.4102529
8,person,10,-0.5042509,-1.4327687
11,person,1,-0.0937195,-0.5643222
11,person,2,-0.25629178,-0.8439213
11,person,3,-0.361047,-1.0195649
11,person,4,-0.42529204,-1.142152
11,person,5,-0.4640991,-1.2313716
11,person,6,-0.48685133,-1.297693
11,person,7,-0.49935126,-1.3476369
11,person,8,-0.5053119,-1.3856028
11,person,9,-0.50715744,-1.4146882
11,person,10,-0.50648206,-1.4371303
12,person,1,-0.097856626,-0.5613602
12,person,2,-0.26046783,-0.840395
12,person,3,-0.36518708,-1.0157776
12,person,4,-0.42941377,-1.138198
12,person,5,-0.46822786,-1.227344
12,person,6,-0.4909976,-1.2936684
12,person,7,-0.50351477,-1.3436683
12,person,8,-0.5094864,-1.3817217
12,person,9,-0.5113354,-1.4109107
12,person,10,-0.510655,-1.4334592
14,person,1,-0.095129386,-0.56225425
14,person,2,-0.25717384,-0.84128624
14,person,3,-0.36157236,-1.0166206
14,person,4,-0.42556223,-1.1390604
14,person,5,-0.46418238,-1.2282693
14,person,6,-0.48679143,-1.2946758
14,person,7,-0.4991756,-1.3447623
14,person,8,-0.50503826,-1.3828971
14,person,9,-0.5067974,-1.4121591
14,person,10,-0.5060436,-1.434772
15,car,1,-0.13131154,-0.5324284
15,car,2,-0.29078916,-0.83132917
15,car,3,-0.391335,-1.0207758
15,car,4,-0.4518763,-1.1518607
15,car,5,-0.4877115,-1.2457886
15,car,6,-0.50811917,-1.3144206
15,car,7,-0.5188038,-1.3652588
15,car,8,-0.52338684,-1.403343
15,car,9,-0.52420753,-1.4321659
15,car,10,-0.5227822,-1.4541993
17,person,1,-0.09449208,-0.562465
17,person,2,-0.25670946,-0.84203124
17,person,3,-0.36107486,-1.0176827
17,person,4,-0.4250335,-1.1402725
17,person,5,-0.46365482,-1.2294785
17,person,6,-0.48629147,-1.2957759
17,person,7,-0.4987223,-1.3456883
17,person,8,-0.5046417,-1.3836174
17,person,9,-0.50646234,-1.4126647
17,person,10,-0.5057714,-1.4350679
27,person,1,-0.09639549,-0.5560177
27,person,2,-0.2574054,-0.8338181
27,person,3,-0.360791,-1.0082295
27,person,4,-0.42409602,-1.1300771
27,person,5,-0.46232292,-1.2189528
27,person,6,-0.4847356,-1.2852212
27,person,7,-0.4970433,-1.3352964
27,person,8,-0.5028971,-1.3734931
27,person,9,-0.5046806,-1.402851
27,person,10,-0.503966,-1.4255688
32,person,1,-0.098199725,-0.5547525
32,person,2,-0.2590661,-0.8326132
32,person,3,-0.3623267,-1.007157
32,person,4,-0.4255111,-1.1290382
32,person,5,-0.46362534,-1.2178732
32,person,6,-0.4859345,-1.2840543
32,person,7,-0.4981506,-1.3340194
32,person,8,-0.50392294,-1.3720998
32,person,9,-0.50563633,-1.4013467
32,person,10,-0.50486064,-1.4239645
40,person,1,-0.095183745,-0.5635704
40,person,2,-0.25732943,-0.8426261
40,person,3,-0.36191896,-1.0181025
40,person,4,-0.4260001,-1.1406586
40,person,5,-0.464619,-1.2299552
40,person,6,-0.48717064,-1.2964193
40,person,7,-0.49947047,-1.3465407
40,person,8,-0.5052394,-1.3846978
40,person,9,-0.5069069,-1.4139756
40,person,10,-0.5060694,-1.4366016
